,rarity_url,kong_id,owner_address,num_sales,last_sale_date,last_sale_price,list_date,list_price,background,fur,clothes,mouth,head,head_accessory,eyes,jewellery,shooting,finish,defense,vision,cumulative
0,https://rarity.tools/rumble-kong-league/view/29,29,0xba2701c5f9ba9db436e7d1e639cc8a7e53f31b40,1,2021-08-03,0.2 ETH, , ,Purple,White Noise,Striped Tee,Drool,Beanie,,Closed Scar,,36,47,26,61,170
1,https://rarity.tools/rumble-kong-league/view/28,28,0x0072b97cfb5fcb229cac132c31591bbd09312bee,1,2021-08-04,0.1789 ETH, , ,Cyan,Red,Striped Tee,Shows Teeth,RKL Cap Forward,,Regular,,33,40,20,71,164
2,https://rarity.tools/rumble-kong-league/view/27,27,0x26468ed01cb31a5434b5513268bd21e7b6c85c8e,1,2021-07-29,0.075 ETH,2021-09-28 23:48:04, ,Light Grey,Grey,Tracksuit,Regular,,,Angry Wink,,38,11,94,41,184
3,https://rarity.tools/rumble-kong-league/view/26,26,0xf0d6999725115e3ead3d927eb3329d63afaec09b,0, , , , ,Cyan,Brown,Hawaii Shirt,Drool,,,Regular,,44,53,48,43,188
4,https://rarity.tools/rumble-kong-league/view/25,25,0x465dca9995d6c2a81a9be80fbced5a770dee3dae,1,2021-08-07,0.7 ETH, , ,Cyan,Brown,,Regular,Bowler,,Angry,,46,40,7,50,143
5,https://rarity.tools/rumble-kong-league/view/24,24,0xb85274215591390155d4ffc7c39f7c05256e6857,1,2021-08-04,0.24 ETH,2021-09-08 04:02:28,17.0 ETH,Red,Brown,Green Kimono,Scream,RKL Cap Forward,,Regular,,61,35,47,92,235
6,https://rarity.tools/rumble-kong-league/view/23,23,0x43de3a240979a1922784cf26ed4e13953166a119,1,2021-08-18,0.199 ETH, , ,Brown,Black,Biker Jacket,Regular,Chopsticks Bun,,Wide Scar,,25,73,64,22,184
7,https://rarity.tools/rumble-kong-league/view/22,22,0x3ef5f421e155ed29e6fa815fd875bfcd5f22ecd1,0, , , , ,Grey,Red,Fusion Gi,Scream,Green Beret,,Angry Wink,,64,67,46,37,214
8,https://rarity.tools/rumble-kong-league/view/21,21,0x8757f479276a5a5c1e66555ef6c3ba8c11aac369,1,2021-08-28,1.5 ETH,2021-09-23 02:31:05,3.5 ETH,Light Blue,Pink,Hawaii Shirt,Scream,,Gold Stud,Bloodshot,,47,49,64,38,198
9,https://rarity.tools/rumble-kong-league/view/20,20,0xef36f4d2a2f04d9284b1758518a9b8c6371accea,0, , , , ,Grey,Grey,Trippy Tee,Gold Saber Toothed,,Broken Glasses,Wide Scar,,51,33,54,52,190
10,https://rarity.tools/rumble-kong-league/view/19,19,0x9fc718829f6e281ba597cc41362aa2d5590b544c,1,2021-07-30,0.1 ETH, , ,Grey,White Noise,Cyan Jersey,Gold Saber Toothed,,,Angry,,38,79,81,33,231
11,https://rarity.tools/rumble-kong-league/view/18,18,0x49c14fadd2b01ff5f3145dc294819f499a856ccf,0, , , , ,Brown,Black,Tracksuit,Shows Teeth,,,Angry,,58,78,58,57,251
12,https://rarity.tools/rumble-kong-league/view/17,17,0x5eeb21cd9535c3130e683e5ffa51d25ae0926150,0, , , , ,Brown,White Noise,Dego Tee Blooded,Shows Teeth,RKL Cap Sideways,,Bloodshot,,43,20,57,75,195
13,https://rarity.tools/rumble-kong-league/view/16,16,0xaf469c4a0914938e6149cf621c54fb4b1ec0c202,0, , , , ,Cyan,Black,White Tee,Shows Teeth,Red Bandana,,Wide,,63,52,80,64,259
14,https://rarity.tools/rumble-kong-league/view/15,15,0x0275c1c4a536b71f3dd3c008b16a510c533c6b44,0, , , , ,Grey,Sky Blue,Hawaii Shirt,Tongue Out,Cap Forward,Blue Shades,Regular,,57,40,55,29,181
15,https://rarity.tools/rumble-kong-league/view/14,14,0x79479730ad5f4656a010ac5ac9303624d72995a0,1,2021-08-02,0.16 ETH, , ,Grey,Sky Blue,Striped Tee,Regular,,,Regular,,49,33,43,80,205
16,https://rarity.tools/rumble-kong-league/view/13,13,0xd387a6e4e84a6c86bd90c158c6028a58cc8ac459,0, , ,2021-09-14 13:10:54,2.5 ETH,Pink,Pink,Dego Tee Blooded,Gold Saber Toothed,,,Wide,,42,71,52,11,176
17,https://rarity.tools/rumble-kong-league/view/12,12,0x00000444e5a1a667663b0adfd853e8efa0470698,0, , , , ,Dark Blue,Pink,Trippy Tee,Gold Saber Toothed,Chopsticks Bun,,Regular,,63,67,38,30,198
18,https://rarity.tools/rumble-kong-league/view/11,11,0x00000444e5a1a667663b0adfd853e8efa0470698,0, , , , ,Grey,Black,Biker Jacket,Scream,,,Sad,,49,62,72,43,226
19,https://rarity.tools/rumble-kong-league/view/10,10,0x58d0f3da9c97de3c39f481e146f3568081d328a2,0, , , , ,Yellow,Black,Striped Tee,Ooh,RKL Cap Sideways,3D Glasses,Wide Scar,,40,62,70,76,248
20,https://rarity.tools/rumble-kong-league/view/9,9,0x07c5e4c12194bc03b4f6397b796df0b6c6e25320,1,2021-08-06,0.75 ETH,2021-09-12 09:08:42,20.0 ETH,Gold,Brown,White Tee,Saber Toothed,RKL Cap Forward,,Angry Scar,,58,39,27,50,174
21,https://rarity.tools/rumble-kong-league/view/8,8,0x00000444e5a1a667663b0adfd853e8efa0470698,0, , , , ,Purple,Sky Blue,Red Kimono,Regular,,,Wide,,75,32,18,32,157
22,https://rarity.tools/rumble-kong-league/view/7,7,0xe50cd5f38cfd3b9d7c0c29ae56656fcef22b89bb,0, , , , ,Light Grey,Brown,Shaolin Vest,Scream,Blonde Bun,,Closed Scar,,49,59,43,35,186
23,https://rarity.tools/rumble-kong-league/view/6,6,0xaf469c4a0914938e6149cf621c54fb4b1ec0c202,0, , , , ,Grey,Black,Fusion Gi,Regular,,,Closed Scar,,58,53,42,36,189
24,https://rarity.tools/rumble-kong-league/view/5,5,0x22938208e888655c9ad3c781f7247e2357a2ab4a,1,2021-08-12,0.4 ETH, , ,Light Grey,Pink,Dress,Ooh,Chopsticks Bun,,Closed Scar,,36,38,50,53,177
25,https://rarity.tools/rumble-kong-league/view/4,4,0x05ae0683d8b39d13950c053e70538f5810737bc5,0, , , , ,Pink,White Noise,,Regular,Cap Forward,,Regular,,46,45,55,60,206
26,https://rarity.tools/rumble-kong-league/view/3,3,0x1ccdb41f0f83d982277f9a6548383f990730b6e9,0, , , , ,Brown,Pink,Dego Tee Blooded,Shows Teeth,,,Wide Scar,,45,74,55,63,237
27,https://rarity.tools/rumble-kong-league/view/2,2,0x465dca9995d6c2a81a9be80fbced5a770dee3dae,0, , , , ,Light Blue,Grey,Striped Tee,Ooh,Green Beret,,Closed,,66,60,63,30,219
28,https://rarity.tools/rumble-kong-league/view/1,1,0x62c6916b8b02982f924d2807b00d5dbf7d106812,0, , , , ,Light Grey,Brown,Red Kimono,Regular,Green Beret,,Angry,,40,59,53,52,204
29,https://rarity.tools/rumble-kong-league/view/0,0,0x465dca9995d6c2a81a9be80fbced5a770dee3dae,0, , , , ,Gold,Grey,White Tee,Saber Toothed,,,Bloodshot,,42,81,41,54,218
30,https://rarity.tools/rumble-kong-league/view/59,59,0x465dca9995d6c2a81a9be80fbced5a770dee3dae,0, , , , ,Yellow,Green,Shirt And Tie,Regular,,Red Shades,Closed,,54,30,58,45,187
31,https://rarity.tools/rumble-kong-league/view/58,58,0x465dca9995d6c2a81a9be80fbced5a770dee3dae,0, , , , ,Cyan,Brown,,Regular,,,Bloodshot,,33,62,43,35,173
32,https://rarity.tools/rumble-kong-league/view/57,57,0x465dca9995d6c2a81a9be80fbced5a770dee3dae,0, , , , ,Dark Blue,White Noise,,Regular,,,Regular,,47,24,39,43,153
33,https://rarity.tools/rumble-kong-league/view/56,56,0x465dca9995d6c2a81a9be80fbced5a770dee3dae,0, , , , ,Light Grey,Red,Shirt And Tie,Scream,RKL Cap Forward,,Angry Wink,,37,78,52,32,199
34,https://rarity.tools/rumble-kong-league/view/55,55,0x465dca9995d6c2a81a9be80fbced5a770dee3dae,0, , , , ,Yellow,Hyper Cat,Mamba Jersey,Diamond Teeth,Gold Horns,,Regular,,20,13,38,21,92
35,https://rarity.tools/rumble-kong-league/view/54,54,0x465dca9995d6c2a81a9be80fbced5a770dee3dae,0, , , , ,Gold,Brown,Fusion Gi,Regular,Russian Cap,,Bloodshot,,40,47,54,61,202
36,https://rarity.tools/rumble-kong-league/view/53,53,0x465dca9995d6c2a81a9be80fbced5a770dee3dae,0, , , , ,Yellow,Pink,Biker Jacket,Kiss,Chopsticks Bun,,Wide Scar,,41,56,53,44,194
37,https://rarity.tools/rumble-kong-league/view/40,40,0x720d330816afd75a72e012f8d669a19918483375,0, , , , ,Pink,Brown,Shirt And Tie,Scream,Blonde Bun,Blue Shades,Closed,,51,44,47,53,195
38,https://rarity.tools/rumble-kong-league/view/52,52,0x465dca9995d6c2a81a9be80fbced5a770dee3dae,0, , , , ,Light Grey,Pink,White Tee,Saber Toothed,Blue Pigtails,,Wide Scar,,68,34,50,46,198
39,https://rarity.tools/rumble-kong-league/view/39,39,0x720d330816afd75a72e012f8d669a19918483375,0, , , , ,Grey,Grey,Dress,Ooh,,,Angry,,57,41,77,70,245
40,https://rarity.tools/rumble-kong-league/view/51,51,0x465dca9995d6c2a81a9be80fbced5a770dee3dae,0, , , , ,Purple,Black,Hawaii Shirt,Shows Teeth,RKL Cap Forward,,Bloodshot,,52,28,66,28,174
41,https://rarity.tools/rumble-kong-league/view/38,38,0x583461ce654c7bd29fded10929deca64887f1131,1,2021-08-06,1.0 ETH,2021-08-08 13:53:18,10.0 ETH,Brown,Green,Trippy Tee,Kiss,RKL Cap Forward,,Closed Scar,,40,36,37,51,164
42,https://rarity.tools/rumble-kong-league/view/50,50,0x465dca9995d6c2a81a9be80fbced5a770dee3dae,0, , , , ,Pink,Brown,Navy Suit,Kiss,RKL Cap Sideways,,Sad,,46,35,35,55,171
43,https://rarity.tools/rumble-kong-league/view/37,37,0x720d330816afd75a72e012f8d669a19918483375,0, , , , ,Grey,Sky Blue,Biker Jacket,Ooh,RKL Cap Sideways,,Closed Scar,,39,44,42,47,172
44,https://rarity.tools/rumble-kong-league/view/49,49,0x465dca9995d6c2a81a9be80fbced5a770dee3dae,0, , , , ,Brown,Green,White Tee,Saber Toothed,Horse Jockey Hat,,Closed Scar,,55,36,26,59,176
45,https://rarity.tools/rumble-kong-league/view/36,36,0x720d330816afd75a72e012f8d669a19918483375,0, , , , ,Purple,White Noise,Shaolin Vest,Drool,Green Beret,3D Glasses,Regular,,52,29,57,57,195
46,https://rarity.tools/rumble-kong-league/view/48,48,0x465dca9995d6c2a81a9be80fbced5a770dee3dae,0, , , , ,Pink,Brown,RKL Tee,Gold Smirk,Horse Jockey Hat,,Wide,,57,73,49,28,207
47,https://rarity.tools/rumble-kong-league/view/35,35,0x720d330816afd75a72e012f8d669a19918483375,0, , , , ,Cyan,Pink,Biker Jacket,Ooh,Blonde Bun,,Wide Scar,,55,74,38,49,216
48,https://rarity.tools/rumble-kong-league/view/47,47,0x807bc3b721f2ec61131bafa3bfc95526e7152630,1,2021-08-23,0.3499 ETH,2021-08-23 21:15:33,5.0 ETH,Pink,Red,Hawaii Shirt,Ooh,RKL Cap Sideways,Blue Shades,Angry Wink,,39,34,45,56,174
49,https://rarity.tools/rumble-kong-league/view/34,34,0x720d330816afd75a72e012f8d669a19918483375,0, , , , ,Brown,Red,Dego Tee Blooded,Missing Teeth,Russian Cap,Exotic Earring,Wide,,68,45,36,32,181
50,https://rarity.tools/rumble-kong-league/view/46,46,0x465dca9995d6c2a81a9be80fbced5a770dee3dae,0, , , , ,Dark Blue,Grey,Navy Suit,Ooh,Blonde Bun,,Closed,,35,44,57,52,188
51,https://rarity.tools/rumble-kong-league/view/43,43,0x095a7d9f3c901ce02cde5dbacc0751f7974033e3,0, , , , ,Light Grey,Pink,Tracksuit,Drool,Ski Glasses,,Wide,,66,49,36,58,209
52,https://rarity.tools/rumble-kong-league/view/33,33,0x720d330816afd75a72e012f8d669a19918483375,0, , , , ,Light Grey,Pink,,Regular,Horse Jockey Hat,,Wide,,71,66,33,55,225
53,https://rarity.tools/rumble-kong-league/view/45,45,0x465dca9995d6c2a81a9be80fbced5a770dee3dae,0, , , , ,Light Blue,Black,Trippy Tee,Regular,,,Angry,,45,56,50,25,176
54,https://rarity.tools/rumble-kong-league/view/44,44,0x45bb0da5b2995c65ecbbb4bfbf8800bea77e9ad3,0, , , , ,Light Blue,Brown,,Referee,Blonde Bun,,Closed Scar,,55,27,84,66,232
55,https://rarity.tools/rumble-kong-league/view/42,42,0x465dca9995d6c2a81a9be80fbced5a770dee3dae,1,2021-07-30,1.5 ETH, , ,Yellow,Hyper Cat,King Jersey,Scream,Gold Horns,,Red Glow,,44,73,66,8,191
56,https://rarity.tools/rumble-kong-league/view/32,32,0x720d330816afd75a72e012f8d669a19918483375,0, , , , ,Cyan,Brown,,Kiss,RKL Cap Forward,Gold Stud,Wide,,33,68,32,82,215
57,https://rarity.tools/rumble-kong-league/view/31,31,0x624bba98c41b0f5ca5044b570580b7bddd78ad54,1,2021-08-06,1.0 ETH, , ,Pink,Brown,Striped Tee,Gold Saber Toothed,RKL Cap Sideways,,Wide Scar,,59,42,48,47,196
58,https://rarity.tools/rumble-kong-league/view/30,30,0x11fb54380e040dc4fdfb99e25c562c0567981a44,3,2021-08-31,1.2 ETH,2021-08-31 03:42:33,30.0 ETH,Brown,Brown,Biker Jacket,Scream,,,Wide,,29,54,42,58,183
59,https://rarity.tools/rumble-kong-league/view/41,41,0x362438c9f9015da84413cdcabec703eda75b4286,1,2021-09-05,1.91 ETH,2021-09-05 22:48:00,6.0 ETH,Pink,Brown,White Tee,Scream,,,Wide,,35,41,59,40,175
60,https://rarity.tools/rumble-kong-league/view/89,89,0xfb38ff567c5208178de3929a0d845420b784f746,1,2021-08-22,0.29 ETH, , ,Grey,Pink,Dress,Regular,Beanie,,Closed Scar,,28,38,42,22,130
61,https://rarity.tools/rumble-kong-league/view/88,88,0x179456bf16752fe5eb8789148e5c98eb39d87fe5,1,2021-09-10,2.0 ETH,2021-09-12 15:40:55,8.88 ETH,Grey,Sky Blue,Biker Jacket,Gold Smirk,Bowler,Blue Shades,Angry,,63,67,41,9,180
62,https://rarity.tools/rumble-kong-league/view/87,87,0xfb84e645bac911111f8cdf4546860b5048dbaf45,1,2021-08-11,0.38 ETH,2021-09-11 08:56:28,2.5 ETH,Dark Blue,Grey,Trippy Tee,Ooh,Green Beret,Red Shades,Regular,,24,38,66,38,166
63,https://rarity.tools/rumble-kong-league/view/86,86,0xbe769b04627613c8f3b30abe20e6458c1dcb239b,0, , , , ,Light Grey,White Noise,Dego Tee Blooded,Shows Teeth,,,Regular,,65,22,31,81,199
64,https://rarity.tools/rumble-kong-league/view/85,85,0xbe769b04627613c8f3b30abe20e6458c1dcb239b,0, , , , ,Grey,Brown,Hawaii Shirt,Scream,,,Closed,,43,56,66,85,250
65,https://rarity.tools/rumble-kong-league/view/84,84,0xbe769b04627613c8f3b30abe20e6458c1dcb239b,0, , , , ,Dark Blue,Red,Fusion Gi,Shows Teeth,Tophat,Blue Shades,Angry,,68,55,39,67,229
66,https://rarity.tools/rumble-kong-league/view/83,83,0xbe769b04627613c8f3b30abe20e6458c1dcb239b,0, , , , ,Yellow,Pink,Cyan Jersey,Regular,Winter Hat,Blue Shades,Regular,,54,65,45,64,228
67,https://rarity.tools/rumble-kong-league/view/82,82,0xbe769b04627613c8f3b30abe20e6458c1dcb239b,0, , , , ,Gold,Green,Hawaii Shirt,Drool,Purple Bandana,Gem Earring,Closed,,34,76,54,47,211
68,https://rarity.tools/rumble-kong-league/view/77,77,0x1fd8acbe43b3a052b4e59bc7ffaee241c7bf894f,0, , , , ,Purple,Red,,Ooh,,,Wide,,73,68,67,30,238
69,https://rarity.tools/rumble-kong-league/view/81,81,0xbe769b04627613c8f3b30abe20e6458c1dcb239b,0, , , , ,Red,Pink,Tracksuit,Full Beard,Chopsticks Bun,,Closed Scar,,51,59,62,56,228
70,https://rarity.tools/rumble-kong-league/view/64,64,0x465dca9995d6c2a81a9be80fbced5a770dee3dae,0, , , , ,Red,Black,Dego Tee Blooded,Kiss,,,Regular,,43,83,72,61,259
71,https://rarity.tools/rumble-kong-league/view/76,76,0x1d4571c482f54d171b2ba0c0466789970d70d831,0, , , , ,Light Grey,Grey,Biker Jacket,Kiss,,,Sad,,34,23,30,42,129
72,https://rarity.tools/rumble-kong-league/view/80,80,0xbe769b04627613c8f3b30abe20e6458c1dcb239b,0, , , , ,Purple,White Noise,RKL Tee,Regular,Cap Forward,Blue Shades,Regular,,67,16,61,50,194
73,https://rarity.tools/rumble-kong-league/view/63,63,0x465dca9995d6c2a81a9be80fbced5a770dee3dae,0, , , , ,Grey,Crystal,Mamba Jersey,Regular,Banana,,Heterochromia,,62,44,45,36,187
74,https://rarity.tools/rumble-kong-league/view/75,75,0xef9803951cd41355a90326f0284203d84a67471a,0, , , , ,Gold,Black,Shaolin Vest,Missing Teeth,RKL Cap Sideways,,Bloodshot,,58,53,53,55,219
75,https://rarity.tools/rumble-kong-league/view/62,62,0x465dca9995d6c2a81a9be80fbced5a770dee3dae,0, , , , ,Light Blue,Black,Shirt And Tie,Shows Teeth,RKL Cap Forward,,Closed,,38,37,27,48,150
76,https://rarity.tools/rumble-kong-league/view/79,79,0x7a501e2a432d44013dd9575e73ed551a88fc0184,1,2021-08-12,0.35 ETH, , ,Dark Blue,Red,Shirt And Tie,Drool,,Red Shades,Closed Scar,,54,33,57,37,181
77,https://rarity.tools/rumble-kong-league/view/74,74,0x1e56019c18e7fe821896181a031ac75fd45c56f8,0, , , , ,Light Grey,Sky Blue,Cyan Jersey,Shows Teeth,Purple Bandana,Broken Glasses,Sad,,69,58,54,31,212
78,https://rarity.tools/rumble-kong-league/view/61,61,0x465dca9995d6c2a81a9be80fbced5a770dee3dae,0, , , , ,Pink,Sky Blue,Striped Tee,Drool,,,Closed,,44,48,54,40,186
79,https://rarity.tools/rumble-kong-league/view/78,78,0xbe769b04627613c8f3b30abe20e6458c1dcb239b,0, , , , ,Light Blue,Pink,Cyan Jersey,Kiss,,,Angry Scar,,76,35,44,46,201
80,https://rarity.tools/rumble-kong-league/view/60,60,0x465dca9995d6c2a81a9be80fbced5a770dee3dae,0, , , , ,Grey,Red,,Scream,Bowler,,Angry Wink,,30,44,35,78,187
81,https://rarity.tools/rumble-kong-league/view/73,73,0x8560dc1432aa9fd80f0160329982b9d81a12a52f,0, , , , ,Purple,White Noise,,Scream,Red Bandana,Red Shades,Regular,,62,51,45,71,229
82,https://rarity.tools/rumble-kong-league/view/72,72,0x9b56f9a834b0451578bc73f2654d1c5a4e2912d4,0, , , , ,Pink,Sky Blue,Striped Tee,Shows Teeth,Horse Jockey Hat,,Closed Scar,,37,64,43,38,182
83,https://rarity.tools/rumble-kong-league/view/67,67,0x1ccfa3e16a210d6769b4d670f01fa9ed163c813a,3,2021-09-22,20.0 ETH, , ,Cyan,Black,Striped Tee,Shows Teeth,,Vibe Glasses,Bloodshot,,96,60,77,34,267
84,https://rarity.tools/rumble-kong-league/view/70,70,0x60282772ab3e7f9e71b6eabd698ce4de82a18776,0, , , , ,Light Blue,Brown,Navy Suit,Shows Teeth,,,Angry,,62,44,47,63,216
85,https://rarity.tools/rumble-kong-league/view/66,66,0xf79c9d67601097ac8b8e43687131376183bf47b1,1,2021-09-05,1.69 ETH, , ,Pink,Green,Dego Tee Blooded,Regular,Purple Bandana,,Regular,,66,49,78,28,221
86,https://rarity.tools/rumble-kong-league/view/71,71,0x9b56f9a834b0451578bc73f2654d1c5a4e2912d4,0, , , , ,Light Grey,Pink,Biker Jacket,Kiss,Blonde Bun,,Wide,,46,33,49,48,176
87,https://rarity.tools/rumble-kong-league/view/69,69,0x60282772ab3e7f9e71b6eabd698ce4de82a18776,0, , , , ,Brown,White Noise,Shirt And Tie,Regular,Purple Bandana,Monocle,Wide Scar,,69,29,33,50,181
88,https://rarity.tools/rumble-kong-league/view/65,65,0x7dcb39fe010a205f16ee3249f04b24d74c4f44f1,0, , , , ,Brown,Brown,Dego Tee Blooded,Scream,,,Regular,,61,56,67,28,212
89,https://rarity.tools/rumble-kong-league/view/68,68,0x60282772ab3e7f9e71b6eabd698ce4de82a18776,0, , , , ,Cyan,Brown,Tracksuit,Regular,Red Bandana,,Regular,,38,61,61,44,204
90,https://rarity.tools/rumble-kong-league/view/115,115,0x12eaf457f5535913ddefdd3c3b595882c47b98a7,0, , , , ,Purple,Red,Trippy Tee,Drool,King Band,,Angry Scar,,54,24,49,70,197
91,https://rarity.tools/rumble-kong-league/view/111,111,0xbe8fe12b9eb1ca2a593e6c070c71c294b6fe9f00,2,2021-08-03,0.28 ETH, , ,Brown,Pink,Green Kimono,Gold Saber Toothed,,,Regular,,43,87,35,49,214
92,https://rarity.tools/rumble-kong-league/view/114,114,0x9423b33a5642a7e0cd8272b8f5d0a01e1768b3bc,1,2021-09-01,0.8489 ETH, , ,Purple,Green,Navy Suit,Shows Teeth,King Band,,Wide,,44,35,37,55,171
93,https://rarity.tools/rumble-kong-league/view/118,118,0x17a4e4aa1f87f677b6930f8c1bc6d3449181ad95,1,2021-08-03,0.1 ETH, , ,Dark Blue,Red,White Tee,Regular,Purple Bandana,Blue Shades,Closed,,69,56,63,33,221
94,https://rarity.tools/rumble-kong-league/view/110,110,0x3c9ae738df7a5ea2ef041bf9112f7b01c000824c,2,2021-08-10,0.7 ETH,2021-09-05 15:10:14,2.85 ETH,Dark Blue,Sky Blue,Navy Suit,Tongue Out,Tophat,,Wide Scar,,47,41,44,53,185
95,https://rarity.tools/rumble-kong-league/view/113,113,0x715ee52bf47b8e32a05c961d2f9eb89fd4797c2e,2,2021-08-23,0.31 ETH, , ,Dark Blue,Pink,Cheetah Dego Tee,Ooh,Blonde Bun,,Regular,,54,30,43,34,161
96,https://rarity.tools/rumble-kong-league/view/116,116,0x9b0dc391e3842c6632f9d91bed77403802d39cc4,3,2021-09-03,0.8 ETH, , ,Grey,Black,White Tee,Saber Toothed,Horse Jockey Hat,,Regular,,55,47,37,15,154
97,https://rarity.tools/rumble-kong-league/view/117,117,0x96236adb640ec620a85898378375cedf03ca21ff,1,2021-08-03,0.12 ETH, , ,Dark Blue,Red,Green Kimono,Scream,,,Regular,,35,72,40,31,178
98,https://rarity.tools/rumble-kong-league/view/119,119,0x465dca9995d6c2a81a9be80fbced5a770dee3dae,0, , , , ,Pink,Black,Tracksuit,Drool,Beanie,,Angry Scar,,71,25,44,60,200
99,https://rarity.tools/rumble-kong-league/view/112,112,0x12eaf457f5535913ddefdd3c3b595882c47b98a7,0, , , , ,Yellow,Red,Biker Jacket,Regular,,Blue Shades,Bloodshot,,46,79,67,77,269
100,https://rarity.tools/rumble-kong-league/view/109,109,0x8d3bc45d7b30013c37c141f6ce7c981b2613efaa,1,2021-07-29,0.06 ETH, , ,Light Blue,White Noise,Shirt And Tie,Ooh,Winter Hat,,Regular,,42,61,40,52,195
101,https://rarity.tools/rumble-kong-league/view/97,97,0x59c9cd56f9ad1aceced385349ca6707588350304,2,2021-09-06,2.22 ETH, , ,Purple,Grey,Red Kimono,Ooh,Ski Glasses,,Angry,,34,50,36,59,179
102,https://rarity.tools/rumble-kong-league/view/96,96,0x3053376df52a4fbc4c66fa28379252b86a47c638,1,2021-08-25,0.698 ETH, , ,Pink,Brown,White Tee,Scream,,,Closed Scar,,31,49,42,43,165
103,https://rarity.tools/rumble-kong-league/view/95,95,0xbe769b04627613c8f3b30abe20e6458c1dcb239b,0, , , , ,Light Grey,Brown,Biker Jacket,Ooh,Beanie,Vibe Glasses,Closed Scar,,35,62,60,55,212
104,https://rarity.tools/rumble-kong-league/view/94,94,0xbe769b04627613c8f3b30abe20e6458c1dcb239b,0, , , , ,Yellow,Black,Trippy Tee,Regular,Ski Glasses,,Bloodshot,,56,58,50,51,215
105,https://rarity.tools/rumble-kong-league/view/93,93,0xbe769b04627613c8f3b30abe20e6458c1dcb239b,0, , , , ,Red,Grey,Dego Tee Blooded,Regular,Winter Hat,Monocle,Closed,,35,48,73,50,206
106,https://rarity.tools/rumble-kong-league/view/92,92,0xbe769b04627613c8f3b30abe20e6458c1dcb239b,0, , , , ,Pink,Brown,White Tee,Shows Teeth,,,Regular,,55,63,34,72,224
107,https://rarity.tools/rumble-kong-league/view/91,91,0xbe769b04627613c8f3b30abe20e6458c1dcb239b,0, , , , ,Pink,White Noise,Striped Tee,Regular,,,Regular,,94,83,39,41,257
108,https://rarity.tools/rumble-kong-league/view/90,90,0xbe769b04627613c8f3b30abe20e6458c1dcb239b,0, , , , ,Grey,Pink,Tracksuit,Scream,Beanie,,Regular,,77,47,63,70,257
109,https://rarity.tools/rumble-kong-league/view/104,104,0x927365425d35c1a91f973f88ae3ea05503870193,1,2021-08-12,0.4 ETH, , ,Brown,Green,Navy Suit,Shows Teeth,,,Angry Wink,,54,60,38,59,211
110,https://rarity.tools/rumble-kong-league/view/101,101,0x707a7096d339975de22d1fef8ff827790c3a1cd1,1,2021-07-29,0.09 ETH,2021-09-05 14:41:56,7.5 ETH,Light Grey,Grey,,Regular,,Gem Earring,Angry Scar,,51,55,53,71,230
111,https://rarity.tools/rumble-kong-league/view/108,108,0x0b0fccb443ee906573dfdbbf8eb5b55c741a39e6,0, , , , ,Purple,Pink,Hawaii Shirt,Regular,RKL Cap Forward,,Angry Scar,,30,38,43,66,177
112,https://rarity.tools/rumble-kong-league/view/100,100,0xb413a48088cfb0074f75349c790062920434e321,2,2021-08-06,0.94 ETH, , ,Light Grey,Brown,Cheetah Dego Tee,Shows Teeth,,,Angry Wink,,71,59,42,53,225
113,https://rarity.tools/rumble-kong-league/view/106,106,0x53562e8ecee54356dc89ad263a444528b34d6c80,2,2021-08-10,1.45 ETH, , ,Red,Pink,Trippy Tee,Kiss,RKL Cap Forward,,Angry,,80,42,66,79,267
114,https://rarity.tools/rumble-kong-league/view/103,103,0x3486d3a7d6dbd322b762dbf06b6b979c75c00375,1,2021-07-29,0.14 ETH, , ,Purple,Red,Trippy Tee,Ooh,,,Closed Scar,,59,67,72,66,264
115,https://rarity.tools/rumble-kong-league/view/99,99,0x11fb54380e040dc4fdfb99e25c562c0567981a44,1,2021-08-17,0.1798 ETH,2021-09-26 06:33:35,2.89 ETH,Yellow,Red,Cyan Jersey,Ooh,,3D Glasses,Closed,,68,52,44,50,214
116,https://rarity.tools/rumble-kong-league/view/98,98,0xd57a8376787064a5da5bb91cc1efc06127efd40c,2,2021-09-01,1.7 ETH,2021-09-13 15:12:01,3.69 ETH,Light Grey,Pink,White Tee,Saber Toothed,,Gem Earring,Angry Scar,,50,67,72,48,237
117,https://rarity.tools/rumble-kong-league/view/102,102,0xa6c2b86522eb1b1db787f365936b914768820d8e,2,2021-09-01,1.2 ETH, , ,Red,Sky Blue,Trippy Tee,Saber Toothed,Ski Glasses,,Wide Scar,,61,51,19,46,177
118,https://rarity.tools/rumble-kong-league/view/105,105,0x91468ad86eaa593ea024beef58ebcb88ba5ad799,1,2021-08-21,0.45 ETH, , ,Purple,Black,Dress,Gold Smirk,Red Bandana,Red Shades,Angry,,53,54,57,63,227
119,https://rarity.tools/rumble-kong-league/view/107,107,0x10502e56389a5cd0777aa284103bcedd887b0ba2,2,2021-09-26,1.41 ETH, , ,Pink,Red,,Ooh,Winter Hat,,Sad,,37,28,46,37,148
120,https://rarity.tools/rumble-kong-league/view/138,138,0x465dca9995d6c2a81a9be80fbced5a770dee3dae,0, , , , ,Dark Blue,Red,,Ooh,,,Regular,,61,50,48,64,223
121,https://rarity.tools/rumble-kong-league/view/137,137,0x465dca9995d6c2a81a9be80fbced5a770dee3dae,0, , , , ,Red,Black,Navy Suit,Ooh,,,Bloodshot,,42,74,21,74,211
122,https://rarity.tools/rumble-kong-league/view/136,136,0x465dca9995d6c2a81a9be80fbced5a770dee3dae,0, , , , ,Yellow,Grey,,Shows Teeth,Ski Glasses,,Regular,,42,48,37,51,178
123,https://rarity.tools/rumble-kong-league/view/135,135,0x465dca9995d6c2a81a9be80fbced5a770dee3dae,0, , , , ,Grey,Black,Dego Tee Blooded,Ooh,Purple Bandana,,Closed Scar,,25,44,51,57,177
124,https://rarity.tools/rumble-kong-league/view/134,134,0x465dca9995d6c2a81a9be80fbced5a770dee3dae,0, , , , ,Cyan,White Noise,Fusion Gi,Shows Teeth,Blonde Bun,,Closed Scar,,48,31,72,62,213
125,https://rarity.tools/rumble-kong-league/view/133,133,0x8d3bc45d7b30013c37c141f6ce7c981b2613efaa,0, , , , ,Light Grey,Pink,Navy Suit,Scream,Bowler,Vibe Glasses,Regular,,71,77,51,57,256
126,https://rarity.tools/rumble-kong-league/view/132,132,0x465dca9995d6c2a81a9be80fbced5a770dee3dae,0, , , , ,Light Grey,Aurora,Space Suit,Diamond Teeth,Halo,,Heterochromia,,50,67,57,90,264
127,https://rarity.tools/rumble-kong-league/view/131,131,0x465dca9995d6c2a81a9be80fbced5a770dee3dae,0, , , , ,Pink,Red,,Shows Teeth,,,Sad,,63,42,57,78,240
128,https://rarity.tools/rumble-kong-league/view/130,130,0x465dca9995d6c2a81a9be80fbced5a770dee3dae,0, , , , ,Cyan,Grey,RKL Tee,Kiss,,,Closed,,60,20,71,31,182
129,https://rarity.tools/rumble-kong-league/view/129,129,0x465dca9995d6c2a81a9be80fbced5a770dee3dae,0, , , , ,Cyan,Black,Dego Tee Blooded,Full Beard,,,Regular,,37,58,48,51,194
130,https://rarity.tools/rumble-kong-league/view/128,128,0x465dca9995d6c2a81a9be80fbced5a770dee3dae,0, , , , ,Brown,Red,Navy Suit,Regular,,,Angry Wink,,51,38,26,46,161
131,https://rarity.tools/rumble-kong-league/view/127,127,0x465dca9995d6c2a81a9be80fbced5a770dee3dae,0, , , , ,Grey,Black,Cheetah Dego Tee,Ooh,Blonde Bun,,Bloodshot,,49,43,51,80,223
132,https://rarity.tools/rumble-kong-league/view/126,126,0x465dca9995d6c2a81a9be80fbced5a770dee3dae,0, , , , ,Light Grey,Brown,Dego Tee Blooded,Regular,Beanie,,Wide Scar,,72,39,57,71,239
133,https://rarity.tools/rumble-kong-league/view/125,125,0x465dca9995d6c2a81a9be80fbced5a770dee3dae,0, , , , ,Red,Brown,Shaolin Vest,Tongue Out,,,Sad,,68,58,73,48,247
134,https://rarity.tools/rumble-kong-league/view/149,149,0x62c6916b8b02982f924d2807b00d5dbf7d106812,0, , , , ,Purple,Brown,RKL Tee,Gold Scream,,,Wide Scar,,33,76,34,51,194
135,https://rarity.tools/rumble-kong-league/view/124,124,0x465dca9995d6c2a81a9be80fbced5a770dee3dae,0, , , , ,Dark Blue,Pink,Tracksuit,Ooh,Tophat,,Closed Scar,,65,50,46,21,182
136,https://rarity.tools/rumble-kong-league/view/148,148,0x62c6916b8b02982f924d2807b00d5dbf7d106812,0, , , , ,Purple,Grey,Tracksuit,Kiss,King Band,,Regular,,63,61,33,27,184
137,https://rarity.tools/rumble-kong-league/view/143,143,0x8328e993824843a5348e1c1a9194925f468d7dee,4,2021-09-05,1.89 ETH, , ,Purple,Red,,Gold Smirk,RKL Cap Sideways,,Closed,,19,36,57,63,175
138,https://rarity.tools/rumble-kong-league/view/123,123,0x465dca9995d6c2a81a9be80fbced5a770dee3dae,0, , , , ,Brown,Black,Hawaii Shirt,Missing Teeth,,,Bloodshot,,47,65,60,55,227
139,https://rarity.tools/rumble-kong-league/view/147,147,0x62c6916b8b02982f924d2807b00d5dbf7d106812,0, , , , ,Light Grey,Black,Striped Tee,Drool,Beanie,,Wide,,65,55,34,76,230
140,https://rarity.tools/rumble-kong-league/view/142,142,0xb88a66748152b5ffa55073a49d17f92d9a678b59,1,2021-08-31,1.0 ETH,2021-09-07 10:56:13,2.35 ETH,Red,White Noise,Monk Robe,Regular,Russian Cap,,Angry Wink,,33,60,51,29,173
141,https://rarity.tools/rumble-kong-league/view/122,122,0x465dca9995d6c2a81a9be80fbced5a770dee3dae,0, , , , ,Gold,Black,Dego Tee Blooded,Scream,Blue Pigtails,,Regular,,40,62,91,43,236
142,https://rarity.tools/rumble-kong-league/view/146,146,0x62c6916b8b02982f924d2807b00d5dbf7d106812,0, , , , ,Light Blue,Green,Shaolin Vest,Gold Smirk,Beanie,,Wide,,44,27,53,53,177
143,https://rarity.tools/rumble-kong-league/view/141,141,0x468218136d1a25ab9eeb1e8fcfce789090855880,1,2021-08-23,0.225 ETH,2021-08-23 22:24:41,5.0 ETH,Purple,Grey,Cheetah Dego Tee,Tongue Out,RKL Cap Forward,,Bloodshot,,51,26,46,55,178
144,https://rarity.tools/rumble-kong-league/view/121,121,0x465dca9995d6c2a81a9be80fbced5a770dee3dae,0, , , , ,Cyan,White Noise,Fusion Gi,Saber Toothed,Blonde Bun,,Closed,,41,73,54,54,222
145,https://rarity.tools/rumble-kong-league/view/145,145,0x12a09ee617bbbe9026a0acf034ac58d9d671ef31,1,2021-08-04,2.95 ETH,2021-09-21 06:05:03,29.95 ETH,Red,Hyper Cat,Fusion Vest,Scream,Gold Horns,,Bloodshot Blue,,37,29,50,66,182
146,https://rarity.tools/rumble-kong-league/view/140,140,0xe75c06cee0a6b854f8d0abaf5c90d4405557f353,1,2021-08-25,0.62 ETH, , ,Light Grey,Grey,Cyan Jersey,Regular,,,Sad,,30,44,52,41,167
147,https://rarity.tools/rumble-kong-league/view/120,120,0x465dca9995d6c2a81a9be80fbced5a770dee3dae,0, , , , ,Light Blue,Red,,Regular,Green Beret,,Angry Wink,,34,45,60,56,195
148,https://rarity.tools/rumble-kong-league/view/144,144,0x62c6916b8b02982f924d2807b00d5dbf7d106812,0, , , , ,Grey,Pink,Hawaii Shirt,Shows Teeth,Purple Bandana,,Angry,,66,34,74,49,223
149,https://rarity.tools/rumble-kong-league/view/139,139,0x40f6a366af027ad993aebe51e77b973236ad4d5e,2,2021-08-31,1.19 ETH, , ,Red,Red,Trippy Tee,Gold Smirk,,,Wide Scar,,76,44,59,39,218
150,https://rarity.tools/rumble-kong-league/view/179,179,0x20335c504a4f0d8db934e9f77a67b55e6ae8e1e1,0, , , , ,Gold,Black,,Cigar,,Gold Stud,Angry,,46,24,59,19,148
151,https://rarity.tools/rumble-kong-league/view/178,178,0x20335c504a4f0d8db934e9f77a67b55e6ae8e1e1,0, , , , ,Yellow,Sky Blue,Biker Jacket,Referee,Blonde Bun,,Angry,,40,32,43,63,178
152,https://rarity.tools/rumble-kong-league/view/177,177,0x20335c504a4f0d8db934e9f77a67b55e6ae8e1e1,0, , , , ,Brown,Red,Shirt And Tie,Scream,RKL Cap Sideways,Broken Glasses,Bloodshot,,41,69,47,61,218
153,https://rarity.tools/rumble-kong-league/view/176,176,0x5e1d9883dbee4bfce2514b0638ec776ee3bb8550,1,2021-09-12,1.15 ETH, , ,Pink,Sky Blue,Biker Jacket,Full Beard,,,Closed,,47,69,32,34,182
154,https://rarity.tools/rumble-kong-league/view/175,175,0x67a6e60abe38d514f21df4868857b69bfedc2888,1,2021-09-10,1.75 ETH,2021-09-22 20:07:12,2.65 ETH,Light Blue,Red,Shaolin Vest,Gold Scream,RKL Cap Forward,Red Shades,Regular,,46,52,59,51,208
155,https://rarity.tools/rumble-kong-league/view/174,174,0x2794f841d2f1115628b269364283a907bc974e9a,1,2021-09-18,2.15 ETH,2021-09-25 15:50:14,2.6 ETH,Yellow,Green,Dress,Cigar,,,Wide Scar,,71,45,43,70,229
156,https://rarity.tools/rumble-kong-league/view/173,173,0x7bfe09ba46a974ded1334b8671b836f7f35ced5f,3,2021-09-23,1.389 ETH,2021-09-27 17:53:37, ,Yellow,Red,Red Kimono,Regular,,,Wide,,58,50,33,28,169
157,https://rarity.tools/rumble-kong-league/view/172,172,0x217c70a564a9bc0572426fc068eff0caf70e6b41,3,2021-08-10,0.31 ETH, , ,Pink,Brown,Cheetah Dego Tee,Regular,Bowler,,Angry Scar,,49,43,31,48,171
158,https://rarity.tools/rumble-kong-league/view/171,171,0x20335c504a4f0d8db934e9f77a67b55e6ae8e1e1,0, , , , ,Gold,Sky Blue,Cyan Jersey,Cigar,,,Sad,,44,66,38,12,160
159,https://rarity.tools/rumble-kong-league/view/170,170,0x47d6187a7cd60123d662b115f50c0a9c6c4c9bf1,1,2021-08-07,0.72 ETH, , ,Brown,Brown,Cheetah Dego Tee,Referee,,,Regular,,48,44,34,66,192
160,https://rarity.tools/rumble-kong-league/view/169,169,0x9cc74f47f94c6186233dd524a2b93310f21d02f8,2,2021-09-01,1.25 ETH, , ,Grey,Black,,Regular,,,Closed Scar,,58,58,69,38,223
161,https://rarity.tools/rumble-kong-league/view/168,168,0xea5aebef95770e6138b01d8a24e7d1576fdb4e53,2,2021-09-05,2.0 ETH, , ,Pink,Green,Biker Jacket,Ooh,Beanie,Vibe Glasses,Angry Wink,,53,26,50,52,181
162,https://rarity.tools/rumble-kong-league/view/167,167,0x9cc74f47f94c6186233dd524a2b93310f21d02f8,2,2021-09-01,0.97 ETH, , ,Cyan,Black,,Gold Saber Toothed,RKL Cap Sideways,,Sad,,54,42,31,24,151
163,https://rarity.tools/rumble-kong-league/view/163,163,0x62c6916b8b02982f924d2807b00d5dbf7d106812,0, , , , ,Light Grey,Red,Biker Jacket,Missing Teeth,,,Angry Wink,,57,59,55,68,239
164,https://rarity.tools/rumble-kong-league/view/162,162,0x62c6916b8b02982f924d2807b00d5dbf7d106812,0, , , , ,Gold,Black,Cheetah Dego Tee,Kiss,Red Bandana,3D Glasses,Wide Scar,,66,77,58,51,252
165,https://rarity.tools/rumble-kong-league/view/161,161,0xada893d0a0e1d8409e91c946d3fd6e8d2d99f541,1,2021-09-02,0.858 ETH, , ,Light Blue,Red,,Drool,,,Sad,,31,51,27,43,152
166,https://rarity.tools/rumble-kong-league/view/160,160,0x3ad9f4baefe66b3ce86ab32a3ae69c87586678d6,1,2021-09-01,0.86 ETH, , ,Light Blue,White Noise,Hawaii Shirt,Kiss,Bowler,,Closed,,27,63,43,48,181
167,https://rarity.tools/rumble-kong-league/view/159,159,0x62c6916b8b02982f924d2807b00d5dbf7d106812,0, , , , ,Red,Grey,Fusion Gi,Regular,Blonde Bun,,Regular,,53,64,40,26,183
168,https://rarity.tools/rumble-kong-league/view/158,158,0x62c6916b8b02982f924d2807b00d5dbf7d106812,0, , , , ,Dark Blue,Grey,Shaolin Vest,Kiss,Russian Cap,,Angry,,49,46,58,74,227
169,https://rarity.tools/rumble-kong-league/view/157,157,0x62c6916b8b02982f924d2807b00d5dbf7d106812,0, , , , ,Dark Blue,Pink,White Tee,Regular,Beanie,,Angry,,64,63,70,43,240
170,https://rarity.tools/rumble-kong-league/view/156,156,0x62c6916b8b02982f924d2807b00d5dbf7d106812,0, , , , ,Light Blue,White Noise,,Kiss,Green Beret,,Bloodshot,,49,45,53,61,208
171,https://rarity.tools/rumble-kong-league/view/155,155,0x62c6916b8b02982f924d2807b00d5dbf7d106812,0, , , , ,Light Grey,Brown,Striped Tee,Saber Toothed,,3D Glasses,Bloodshot,,40,83,64,35,222
172,https://rarity.tools/rumble-kong-league/view/154,154,0x62c6916b8b02982f924d2807b00d5dbf7d106812,0, , , , ,Light Grey,Black,Dego Tee Blooded,Regular,,,Angry Wink,,53,67,38,80,238
173,https://rarity.tools/rumble-kong-league/view/153,153,0x62c6916b8b02982f924d2807b00d5dbf7d106812,0, , , , ,Light Blue,White Noise,Biker Jacket,Saber Toothed,King Band,,Angry Scar,,26,24,58,35,143
174,https://rarity.tools/rumble-kong-league/view/152,152,0xebcaaf662c35010961d5dd6ad231104c36dd2931,1,2021-09-05,1.69 ETH, , ,Red,Grey,Hawaii Shirt,Regular,Horse Jockey Hat,,Closed,,48,45,55,44,192
175,https://rarity.tools/rumble-kong-league/view/151,151,0x62c6916b8b02982f924d2807b00d5dbf7d106812,0, , , , ,Gold,Green,Cyan Jersey,Gold Saber Toothed,,,Wide,,53,91,51,21,216
176,https://rarity.tools/rumble-kong-league/view/150,150,0x62c6916b8b02982f924d2807b00d5dbf7d106812,0, , , , ,Light Grey,Grey,Striped Tee,Tongue Out,Red Bandana,,Regular,,66,66,29,76,237
177,https://rarity.tools/rumble-kong-league/view/166,166,0x048977752e8163ef75e71b4d526e0a36f07a6dd5,1,2021-08-28,0.585 ETH, , ,Purple,White Noise,,Regular,Winter Hat,,Regular,,43,35,38,23,139
178,https://rarity.tools/rumble-kong-league/view/165,165,0x512d3627e21282411faba02b717bbb76bd154127,0, , , , ,Dark Blue,Brown,Shaolin Vest,Tongue Out,King Band,Blue Shades,Regular,,36,61,60,35,192
179,https://rarity.tools/rumble-kong-league/view/164,164,0x512d3627e21282411faba02b717bbb76bd154127,0, , , , ,Cyan,Sky Blue,,Gold Smirk,King Band,,Closed,,34,53,37,62,186
180,https://rarity.tools/rumble-kong-league/view/187,187,0x20335c504a4f0d8db934e9f77a67b55e6ae8e1e1,0, , , , ,Purple,Black,White Tee,Scream,Ski Glasses,Gold Stud,Angry,,69,41,80,32,222
181,https://rarity.tools/rumble-kong-league/view/186,186,0x20335c504a4f0d8db934e9f77a67b55e6ae8e1e1,0, , , , ,Light Grey,White Noise,Shirt And Tie,Scream,,,Regular,,61,59,65,96,281
182,https://rarity.tools/rumble-kong-league/view/185,185,0x2ce2637dab62fd120ae521d6a5e1c246315e4000,3,2021-09-24,4.5 ETH, , ,Cyan,White Noise,Striped Tee,Ooh,Blonde Bun,,Closed,,50,77,67,55,249
183,https://rarity.tools/rumble-kong-league/view/184,184,0x042abebae0f231351c9879ae4599c03c71e2d46f,1,2021-09-06,1.7 ETH, , ,Cyan,Grey,Trippy Tee,Regular,Winter Hat,,Bloodshot,,54,31,66,32,183
184,https://rarity.tools/rumble-kong-league/view/183,183,0x8f653b9a539d341615cfb8c60bd024edab6e78e8,3,2021-08-26,0.699 ETH,2021-09-29 07:24:28, ,Gold,Brown,,Ooh,Chopsticks Bun,,Angry Scar,,35,25,41,48,149
185,https://rarity.tools/rumble-kong-league/view/182,182,0xb61c12954381065689ec849e0ab9b9037187d0f5,1,2021-09-04,1.0 ETH,2021-09-04 21:56:07,3.5 ETH,Brown,Pink,Biker Jacket,Scream,Bowler,Blue Shades,Bloodshot,,29,46,46,54,175
186,https://rarity.tools/rumble-kong-league/view/181,181,0x20335c504a4f0d8db934e9f77a67b55e6ae8e1e1,0, , , , ,Red,Grey,Navy Suit,Gold Smirk,,Vibe Glasses,Closed,,47,81,40,52,220
187,https://rarity.tools/rumble-kong-league/view/180,180,0x245f1f29317b56c187d694256cca5fcc519bbde4,1,2021-09-04,1.2 ETH, , ,Grey,Brown,Dego Tee Blooded,Referee,King Band,,Regular,,36,55,43,55,189
188,https://rarity.tools/rumble-kong-league/view/197,197,0x8e570ee755974de773ae0149ea4e3da3f622094c,0, , , , ,Dark Blue,Black,RKL Tee,Regular,,,Closed Scar,,71,46,25,70,212
189,https://rarity.tools/rumble-kong-league/view/196,196,0x6dc6da06b2e3dae3d331b9d03e1fa5a6b18124c2,0, , , , ,Pink,Black,Cyan Jersey,Gold Scream,,,Bloodshot,,71,34,53,44,202
190,https://rarity.tools/rumble-kong-league/view/195,195,0x6dc6da06b2e3dae3d331b9d03e1fa5a6b18124c2,0, , , , ,Pink,Brown,White Tee,Tongue Out,Beanie,,Sad,,42,43,48,53,186
191,https://rarity.tools/rumble-kong-league/view/209,209,0x76c03ed5d993447bd81163347b971456b3dabcfe,0, , , , ,Purple,Green,Striped Tee,Tongue Out,,,Closed Scar,,55,31,44,32,162
192,https://rarity.tools/rumble-kong-league/view/208,208,0x76c03ed5d993447bd81163347b971456b3dabcfe,0, , , , ,Red,Hyper Cat,Robo Arm,Regular,Gold Horns,,Angry,,47,48,37,37,169
193,https://rarity.tools/rumble-kong-league/view/194,194,0x8e570ee755974de773ae0149ea4e3da3f622094c,0, , , , ,Yellow,White Noise,White Tee,Ooh,,,Sad,,56,63,38,55,212
194,https://rarity.tools/rumble-kong-league/view/207,207,0x76c03ed5d993447bd81163347b971456b3dabcfe,0, , , , ,Gold,Brown,,Scream,,,Closed Scar,,26,43,35,55,159
195,https://rarity.tools/rumble-kong-league/view/193,193,0xafaa307b1970fe9c9ab515861b78fa302c8be009,4,2021-09-27,1.299 ETH, , ,Dark Blue,Brown,Dego Tee Blooded,Drool,Horse Jockey Hat,,Closed,,14,30,43,42,129
196,https://rarity.tools/rumble-kong-league/view/206,206,0x76c03ed5d993447bd81163347b971456b3dabcfe,0, , , , ,Brown,Pink,Cyan Jersey,Cigar,Blue Pigtails,Monocle,Angry Wink,,42,50,47,57,196
197,https://rarity.tools/rumble-kong-league/view/192,192,0x5a2818e1a68141aa670142b6191794c5a14c40d8,2,2021-09-08,1.6 ETH, , ,Light Grey,Black,Navy Suit,Regular,Blonde Bun,,Bloodshot,,28,40,18,43,129
198,https://rarity.tools/rumble-kong-league/view/201,201,0xbc9e0d7a97d5c9e4a9db712dbf5f747fcd8ee3e0,1,2021-07-31,0.15 ETH, , ,Light Blue,Brown,Tracksuit,Kiss,Russian Cap,,Regular,,61,70,74,41,246
199,https://rarity.tools/rumble-kong-league/view/205,205,0x76c03ed5d993447bd81163347b971456b3dabcfe,0, , , , ,Grey,Pink,Trippy Tee,Kiss,Cap Forward,Blue Shades,Sad,,54,49,56,36,195
200,https://rarity.tools/rumble-kong-league/view/191,191,0x8e570ee755974de773ae0149ea4e3da3f622094c,0, , , , ,Purple,Sky Blue,Yellow Suit,Scream,Blonde Bun,Gold Stud,Angry Wink,,24,51,64,55,194
201,https://rarity.tools/rumble-kong-league/view/200,200,0xe50cd5f38cfd3b9d7c0c29ae56656fcef22b89bb,1,2021-08-01,0.09 ETH, , ,Red,Black,Biker Jacket,Gold Saber Toothed,Green Beret,,Wide,,49,58,57,63,227
202,https://rarity.tools/rumble-kong-league/view/190,190,0x6dc6da06b2e3dae3d331b9d03e1fa5a6b18124c2,0, , , , ,Grey,Red,Biker Jacket,Ooh,Ski Glasses,,Angry,,50,59,50,47,206
203,https://rarity.tools/rumble-kong-league/view/204,204,0x76c03ed5d993447bd81163347b971456b3dabcfe,0, , , , ,Brown,Grey,,Ooh,Beanie,Blue Shades,Angry,,51,60,57,41,209
204,https://rarity.tools/rumble-kong-league/view/199,199,0xb92c2ef83f97b006a6c2ce21e6ad9d089b4aca54,0, , , , ,Red,Brown,Shirt And Tie,Shows Teeth,,,Angry,,45,47,20,59,171
205,https://rarity.tools/rumble-kong-league/view/189,189,0x8e570ee755974de773ae0149ea4e3da3f622094c,0, , , , ,Brown,Pink,Cheetah Dego Tee,Regular,,,Angry Wink,,75,57,49,58,239
206,https://rarity.tools/rumble-kong-league/view/203,203,0x76c03ed5d993447bd81163347b971456b3dabcfe,0, , , , ,Dark Blue,Sky Blue,Cyan Jersey,Missing Teeth,Green Beret,,Wide Scar,,67,53,43,59,222
207,https://rarity.tools/rumble-kong-league/view/202,202,0xd5f5734795232b6f0131755475518a694b645f21,0, , , , ,Purple,Sky Blue,Shirt And Tie,Kiss,Bowler,,Regular,,46,54,11,67,178
208,https://rarity.tools/rumble-kong-league/view/188,188,0x8e570ee755974de773ae0149ea4e3da3f622094c,0, , , , ,Purple,White Noise,Trippy Tee,Scream,Green Beret,Broken Glasses,Sad,,50,56,78,22,206
209,https://rarity.tools/rumble-kong-league/view/198,198,0xb92c2ef83f97b006a6c2ce21e6ad9d089b4aca54,0, , , , ,Pink,Red,,Ooh,Winter Hat,,Wide,,59,33,68,25,185
210,https://rarity.tools/rumble-kong-league/view/239,239,0x0bae8dfe1e0c2ad35d56c4d680b1bc07e267030b,2,2021-08-02,0.08 ETH, , ,Dark Blue,Green,Striped Tee,Regular,Russian Cap,,Regular,,75,25,56,43,199
211,https://rarity.tools/rumble-kong-league/view/238,238,0x5c28e66cbf1c14d534b5634d991c5c1b3fc5c31f,3,2021-08-13,0.35 ETH,2021-09-05 19:43:35,10.0 ETH,Yellow,Red,Striped Tee,Ooh,,,Sad,,45,16,55,64,180
212,https://rarity.tools/rumble-kong-league/view/237,237,0xe50cd5f38cfd3b9d7c0c29ae56656fcef22b89bb,1,2021-08-01,0.14488498418084064 ETH, , ,Pink,Grey,Cheetah Dego Tee,Cigar,Cap Forward,,Angry Wink,,58,65,63,36,222
213,https://rarity.tools/rumble-kong-league/view/236,236,0x58c251c9125bc3028129df11642bc5a30f97a30c,1,2021-08-10,0.802752930557645 ETH, , ,Light Blue,Grey,Dress,Drool,,,Regular,,22,39,85,70,216
214,https://rarity.tools/rumble-kong-league/view/211,211,0x76c03ed5d993447bd81163347b971456b3dabcfe,0, , , , ,Red,Pink,RKL Tee,Ooh,,,Sad,,63,34,65,69,231
215,https://rarity.tools/rumble-kong-league/view/235,235,0x8bdf750815f30a205b92f3eceb775662b79d5122,2,2021-08-29,0.598 ETH,2021-08-29 11:03:47,289.0 ETH,Gold,Black,Striped Tee,Cigar,RKL Cap Forward,,Angry Wink,,64,22,69,54,209
216,https://rarity.tools/rumble-kong-league/view/210,210,0x76c03ed5d993447bd81163347b971456b3dabcfe,0, , , , ,Brown,Grey,Hawaii Shirt,Scream,RKL Cap Sideways,,Wide Scar,,60,46,54,54,214
217,https://rarity.tools/rumble-kong-league/view/234,234,0x0ba1559eb4988b2f1d21980ed8da975db334067b,2,2021-08-05,0.24 ETH, , ,Red,White Noise,Red Kimono,Ooh,Cap Forward,,Sad,,59,47,43,76,225
218,https://rarity.tools/rumble-kong-league/view/230,230,0xdbd1cdd5b56c75a66c85a874682499b6cd49d51b,2,2021-08-27,0.5 ETH, , ,Light Blue,Brown,Tracksuit,Kiss,,,Regular,,50,33,38,51,172
219,https://rarity.tools/rumble-kong-league/view/221,221,0x07d5bc6406b10f7b9ee96dc958fe4048c96fb00a,0, , , , ,Purple,Black,Tracksuit,Shows Teeth,Red Bandana,,Angry Wink,,75,41,45,41,202
220,https://rarity.tools/rumble-kong-league/view/233,233,0xe50cd5f38cfd3b9d7c0c29ae56656fcef22b89bb,1,2021-08-01,0.08948885952142346 ETH, , ,Red,Brown,Cheetah Dego Tee,Scream,,,Angry,,44,43,59,85,231
221,https://rarity.tools/rumble-kong-league/view/229,229,0xe568ca143592df06a7eabfd4d9d563f1289dc607,0, , , , ,Cyan,Red,,Kiss,RKL Cap Sideways,,Closed,,66,26,35,46,173
222,https://rarity.tools/rumble-kong-league/view/220,220,0x07d5bc6406b10f7b9ee96dc958fe4048c96fb00a,0, , , , ,Purple,White Noise,Red Kimono,Scream,Blonde Bun,,Angry,,28,55,35,45,163
223,https://rarity.tools/rumble-kong-league/view/228,228,0x5caa533b1bb4cabc15f26d4fc7c549a27421ebfa,2,2021-08-07,0.54 ETH, , ,Pink,Sky Blue,Cheetah Dego Tee,Scream,,Blue Shades,Sad,,40,55,55,40,190
224,https://rarity.tools/rumble-kong-league/view/219,219,0x07d5bc6406b10f7b9ee96dc958fe4048c96fb00a,0, , , , ,Yellow,Aurora,Mamba Jersey,Scream,Crown,,Angry,,63,45,35,45,188
225,https://rarity.tools/rumble-kong-league/view/232,232,0x06dd7a742b02d1ac9e8aaf273385d821264fcc44,4,2021-09-15,1.65 ETH, , ,Grey,Black,Red Kimono,Ooh,,,Bloodshot,,71,36,56,33,196
226,https://rarity.tools/rumble-kong-league/view/226,226,0x40fb8a2652f6b8f41e03f7cd830c3cffa46dfa1f,3,2021-08-06,5.0 ETH,2021-09-23 02:05:28,33.0 ETH,Grey,Crystal,Fusion Vest,Shows Teeth,,Nose Ring,Bloodshot Blue,,33,49,46,38,166
227,https://rarity.tools/rumble-kong-league/view/231,231,0xc9130a754151b1d06fcfd2a5fe1663bcb58b9def,2,2021-08-03,0.5 ETH, , ,Yellow,White Noise,White Tee,Regular,Beanie,,Regular,,23,95,57,20,195
228,https://rarity.tools/rumble-kong-league/view/223,223,0x6d64cb2249f8ed175bacdcb100b003457a1733b0,1,2021-08-06,1.3 ETH, , ,Gold,Red,Navy Suit,Missing Teeth,Winter Hat,Blue Shades,Regular,,84,60,57,63,264
229,https://rarity.tools/rumble-kong-league/view/227,227,0x29458f736833e336b4209b4514685f3dd98fb4a6,1,2021-08-03,0.099 ETH, , ,Dark Blue,Red,Shirt And Tie,Regular,Chopsticks Bun,Red Shades,Regular,,35,54,19,58,166
230,https://rarity.tools/rumble-kong-league/view/218,218,0x07d5bc6406b10f7b9ee96dc958fe4048c96fb00a,0, , , , ,Pink,Green,Shaolin Vest,Regular,,Vibe Glasses,Regular,,51,41,71,57,220
231,https://rarity.tools/rumble-kong-league/view/216,216,0x9d94b5b752555e793f6b1e46ed9654470c459944,1,2021-09-16,1.15 ETH, , ,Dark Blue,White Noise,Yellow Suit,Gold Saber Toothed,,,Angry,,41,46,39,52,178
232,https://rarity.tools/rumble-kong-league/view/222,222,0x38e0849243bcd064b8e41dd74a47f3a815e2e539,1,2021-08-25,0.8 ETH, , ,Pink,Sky Blue,Tracksuit,Regular,,,Wide,,53,75,35,62,225
233,https://rarity.tools/rumble-kong-league/view/224,224,0x2be212b27fd720eddbcd0e847f281e04d73ea4fa,4,2021-09-04,0.95 ETH, , ,Yellow,Black,White Tee,Ooh,Winter Hat,,Closed,,55,24,26,29,134
234,https://rarity.tools/rumble-kong-league/view/225,225,0x4fa1c64d5918c931f928def22af626ec180ead6d,2,2021-09-02,1.03 ETH, , ,Purple,Black,Striped Tee,Gold Saber Toothed,RKL Cap Forward,,Regular,,55,42,54,45,196
235,https://rarity.tools/rumble-kong-league/view/217,217,0x07d5bc6406b10f7b9ee96dc958fe4048c96fb00a,0, , , , ,Brown,Sky Blue,Cyan Jersey,Ooh,,,Bloodshot,,49,20,42,62,173
236,https://rarity.tools/rumble-kong-league/view/213,213,0x5f80ca01117254bb6e3553e5814294d69b6bc161,0, , , , ,Light Grey,Black,Trippy Tee,Drool,,Blue Shades,Wide,,27,53,57,22,159
237,https://rarity.tools/rumble-kong-league/view/214,214,0x6a91b82a9abd58963b164d01cbf793cf60c089fd,2,2021-08-11,0.55 ETH, , ,Gold,Pink,White Tee,Shows Teeth,,,Sad,,64,56,54,58,232
238,https://rarity.tools/rumble-kong-league/view/215,215,0x35e30af8f8d1f8d5d0a908cc2700ff00d73eba38,0, , ,2021-09-16 15:10:03,8.0 ETH,Yellow,Sky Blue,Shaolin Vest,Drool,Blonde Bun,Broken Glasses,Sad,,34,24,47,88,193
239,https://rarity.tools/rumble-kong-league/view/212,212,0x5f80ca01117254bb6e3553e5814294d69b6bc161,0, , , , ,Dark Blue,Black,,Regular,,Blue Shades,Angry,,44,72,62,51,229
240,https://rarity.tools/rumble-kong-league/view/268,268,0x8e05318b183c53269f536630564445437cb0a588,0, , , , ,Gold,Black,White Tee,Regular,Winter Hat,,Angry Scar,,35,8,52,55,150
241,https://rarity.tools/rumble-kong-league/view/267,267,0x8e05318b183c53269f536630564445437cb0a588,0, , , , ,Pink,Brown,,Tongue Out,Cap Forward,3D Glasses,Wide,,59,62,41,43,205
242,https://rarity.tools/rumble-kong-league/view/269,269,0x72f1b094b3d64fb6c3378a26a71a0972fb65d1f8,2,2021-08-23,0.28 ETH, , ,Brown,Sky Blue,Hawaii Shirt,Ooh,Red Bandana,Vibe Glasses,Closed,,44,80,43,49,216
243,https://rarity.tools/rumble-kong-league/view/266,266,0x8e05318b183c53269f536630564445437cb0a588,0, , , , ,Purple,Green,Trippy Tee,Kiss,,,Angry,,66,54,42,37,199
244,https://rarity.tools/rumble-kong-league/view/261,261,0x465dca9995d6c2a81a9be80fbced5a770dee3dae,0, , , , ,Gold,Grey,Cheetah Dego Tee,Scream,,,Angry,,54,47,51,26,178
245,https://rarity.tools/rumble-kong-league/view/260,260,0x33539ec009bae6f31646113ff3604f8cc7de136d,2,2021-08-28,0.52 ETH, , ,Light Grey,Black,Dress,Regular,,,Angry Wink,,43,52,40,23,158
246,https://rarity.tools/rumble-kong-league/view/259,259,0x465dca9995d6c2a81a9be80fbced5a770dee3dae,0, , , , ,Grey,Grey,,Scream,Blue Pigtails,,Regular,,76,43,25,34,178
247,https://rarity.tools/rumble-kong-league/view/258,258,0xa25243821277b10dff17a3276a51a772fd68c9de,2,2021-08-03,2.0 ETH, , ,Brown,Brown,Cyan Jersey,Shows Teeth,Blonde Bun,,Sad,,100,53,23,75,251
248,https://rarity.tools/rumble-kong-league/view/257,257,0x465dca9995d6c2a81a9be80fbced5a770dee3dae,0, , , , ,Brown,Black,Cheetah Dego Tee,Regular,Red Bandana,,Regular,,22,47,67,53,189
249,https://rarity.tools/rumble-kong-league/view/256,256,0x467618e5b77f998bc2c253a5fddcea2d479f3381,2,2021-08-05,6.0 ETH,2021-09-22 00:52:30,33.0 ETH,Yellow,Zebra,,Diamond Teeth,Mamba Band,,Heterochromia,Gold Chain,58,43,46,48,195
250,https://rarity.tools/rumble-kong-league/view/255,255,0x465dca9995d6c2a81a9be80fbced5a770dee3dae,0, , , , ,Brown,Sky Blue,Biker Jacket,Cigar,Beanie,,Wide,,52,7,73,34,166
251,https://rarity.tools/rumble-kong-league/view/254,254,0xbdbfe5f4d8775472b0398f88fc378ec2e5518558,1,2021-08-01,0.13 ETH, , ,Grey,Black,Hawaii Shirt,Scream,King Band,,Bloodshot,,58,87,52,36,233
252,https://rarity.tools/rumble-kong-league/view/253,253,0x520faa1ba7d96d00cbdbad8d41e1250755f8dd86,1,2021-07-29,0.065 ETH, , ,Light Blue,Grey,Dress,Ooh,King Band,Vibe Glasses,Angry,,50,73,71,55,249
253,https://rarity.tools/rumble-kong-league/view/252,252,0x465dca9995d6c2a81a9be80fbced5a770dee3dae,0, , , , ,Purple,Red,Yellow Suit,Scream,Beanie,,Wide Scar,,46,37,31,48,162
254,https://rarity.tools/rumble-kong-league/view/241,241,0xbc9e0d7a97d5c9e4a9db712dbf5f747fcd8ee3e0,1,2021-08-02,0.2588136756149943 ETH, , ,Pink,Green,White Tee,Ooh,Chopsticks Bun,Vibe Glasses,Angry Wink,,55,92,65,47,259
255,https://rarity.tools/rumble-kong-league/view/251,251,0x465dca9995d6c2a81a9be80fbced5a770dee3dae,0, , , , ,Yellow,Brown,Cheetah Dego Tee,Scream,Winter Hat,,Bloodshot,,26,52,59,35,172
256,https://rarity.tools/rumble-kong-league/view/250,250,0x465dca9995d6c2a81a9be80fbced5a770dee3dae,0, , , , ,Pink,Green,White Tee,Cigar,,,Wide Scar,,47,68,45,23,183
257,https://rarity.tools/rumble-kong-league/view/240,240,0xe50cd5f38cfd3b9d7c0c29ae56656fcef22b89bb,2,2021-07-29,0.25 ETH, , ,Light Blue,Pink,Navy Suit,Regular,Bowler,,Wide Scar,,53,87,67,60,267
258,https://rarity.tools/rumble-kong-league/view/249,249,0x465dca9995d6c2a81a9be80fbced5a770dee3dae,0, , , , ,Dark Blue,Black,Dego Tee Blooded,Saber Toothed,Beanie,,Bloodshot,,59,32,55,9,155
259,https://rarity.tools/rumble-kong-league/view/248,248,0x465dca9995d6c2a81a9be80fbced5a770dee3dae,0, , , , ,Pink,Brown,White Tee,Regular,Winter Hat,,Regular,,43,17,57,70,187
260,https://rarity.tools/rumble-kong-league/view/247,247,0xf46a3031576d7b6186b715125a56bbd70997d0fa,2,2021-09-04,1.5 ETH, , ,Grey,Black,Green Kimono,Ooh,Ski Glasses,,Closed,,26,62,72,63,223
261,https://rarity.tools/rumble-kong-league/view/246,246,0x217c70a564a9bc0572426fc068eff0caf70e6b41,3,2021-08-31,2.99 ETH, , ,Light Grey,Pink,RKL Tee,Kiss,,,Regular,,18,30,88,55,191
262,https://rarity.tools/rumble-kong-league/view/245,245,0xe50cd5f38cfd3b9d7c0c29ae56656fcef22b89bb,1,2021-07-29,0.15 ETH, , ,Brown,Green,Biker Jacket,Drool,,,Closed,,53,50,67,59,229
263,https://rarity.tools/rumble-kong-league/view/265,265,0x19caf2b2a757e30df112328e93b7090ffb49a37e,2,2021-08-14,0.3 ETH, , ,Brown,Sky Blue,,Saber Toothed,Blonde Bun,,Regular,,41,20,65,56,182
264,https://rarity.tools/rumble-kong-league/view/244,244,0x465dca9995d6c2a81a9be80fbced5a770dee3dae,0, , , , ,Grey,Brown,White Tee,Shows Teeth,Chopsticks Bun,,Angry Scar,,26,14,23,66,129
265,https://rarity.tools/rumble-kong-league/view/264,264,0x426a04b46e1052712b021213a63fe40e5376f8cf,1,2021-08-03,0.25 ETH,2021-09-28 03:28:28, ,Cyan,Pink,Green Kimono,Drool,Bowler,,Sad,,25,19,29,57,130
266,https://rarity.tools/rumble-kong-league/view/243,243,0x465dca9995d6c2a81a9be80fbced5a770dee3dae,0, , , , ,Red,White Noise,White Tee,Regular,,,Wide,,72,65,41,61,239
267,https://rarity.tools/rumble-kong-league/view/263,263,0x8d0dc685785236f0f23c273b114ee15f1b5de807,2,2021-09-19,2.0 ETH, , ,Purple,Brown,Navy Suit,Kiss,RKL Cap Sideways,,Closed,,50,55,66,52,223
268,https://rarity.tools/rumble-kong-league/view/262,262,0x76d6cf3bb66aae4d852efa8c532ec5332757cc9a,2,2021-08-08,0.4 ETH, , ,Cyan,Black,Dego Tee Blooded,Saber Toothed,,,Wide Scar,,47,57,21,42,167
269,https://rarity.tools/rumble-kong-league/view/242,242,0x465dca9995d6c2a81a9be80fbced5a770dee3dae,0, , , , ,Red,Brown,Hawaii Shirt,Regular,Cap Forward,,Sad,,42,46,42,40,170
270,https://rarity.tools/rumble-kong-league/view/299,299,0xbdbfe5f4d8775472b0398f88fc378ec2e5518558,1,2021-07-30,0.1 ETH, , ,Dark Blue,White Noise,Yellow Suit,Regular,,,Wide,,57,52,51,73,233
271,https://rarity.tools/rumble-kong-league/view/298,298,0xe50cd5f38cfd3b9d7c0c29ae56656fcef22b89bb,1,2021-07-29,0.08 ETH, , ,Pink,Sky Blue,,Gold Smirk,Purple Bandana,,Regular,,57,49,72,53,231
272,https://rarity.tools/rumble-kong-league/view/297,297,0xc9130a754151b1d06fcfd2a5fe1663bcb58b9def,2,2021-08-04,1.3 ETH, , ,Red,Green,Shirt And Tie,Shows Teeth,Bowler,Red Shades,Regular,,23,44,37,96,200
273,https://rarity.tools/rumble-kong-league/view/290,290,0x50c3374fd62dd09f18ccc01e1c20f5de66cd6dea,0, , , , ,Grey,Sky Blue,Yellow Suit,Ooh,,Vibe Glasses,Angry,,41,53,62,56,212
274,https://rarity.tools/rumble-kong-league/view/289,289,0x50c3374fd62dd09f18ccc01e1c20f5de66cd6dea,0, , , , ,Grey,Green,Red Kimono,Missing Teeth,RKL Cap Sideways,,Sad,,61,66,35,60,222
275,https://rarity.tools/rumble-kong-league/view/288,288,0x50c3374fd62dd09f18ccc01e1c20f5de66cd6dea,0, , , , ,Brown,White Noise,,Scream,Chopsticks Bun,,Bloodshot,,44,45,43,64,196
276,https://rarity.tools/rumble-kong-league/view/287,287,0x50c3374fd62dd09f18ccc01e1c20f5de66cd6dea,0, , , , ,Light Grey,Black,Biker Jacket,Cigar,,,Regular,,39,29,48,64,180
277,https://rarity.tools/rumble-kong-league/view/286,286,0x50c3374fd62dd09f18ccc01e1c20f5de66cd6dea,0, , , , ,Pink,Brown,,Shows Teeth,Horse Jockey Hat,,Wide Scar,,24,53,23,52,152
278,https://rarity.tools/rumble-kong-league/view/285,285,0x50c3374fd62dd09f18ccc01e1c20f5de66cd6dea,0, , , , ,Pink,Grey,Monk Robe,Tongue Out,,,Angry Wink,,61,37,58,36,192
279,https://rarity.tools/rumble-kong-league/view/284,284,0x50c3374fd62dd09f18ccc01e1c20f5de66cd6dea,0, , , , ,Light Blue,Pink,Green Kimono,Regular,Ski Glasses,,Closed Scar,,42,57,53,33,185
280,https://rarity.tools/rumble-kong-league/view/283,283,0x50c3374fd62dd09f18ccc01e1c20f5de66cd6dea,0, , , , ,Yellow,Pink,Tracksuit,Regular,Beanie,,Regular,,48,32,73,71,224
281,https://rarity.tools/rumble-kong-league/view/282,282,0x50c3374fd62dd09f18ccc01e1c20f5de66cd6dea,0, , , , ,Pink,Sky Blue,Red Kimono,Drool,Horse Jockey Hat,Broken Glasses,Wide,,41,38,50,90,219
282,https://rarity.tools/rumble-kong-league/view/281,281,0x50c3374fd62dd09f18ccc01e1c20f5de66cd6dea,0, , , , ,Light Grey,Sky Blue,Biker Jacket,Saber Toothed,Horse Jockey Hat,,Bloodshot,,37,73,56,25,191
283,https://rarity.tools/rumble-kong-league/view/280,280,0x50c3374fd62dd09f18ccc01e1c20f5de66cd6dea,0, , , , ,Dark Blue,Pink,Hawaii Shirt,Regular,Winter Hat,,Regular,,66,49,41,58,214
284,https://rarity.tools/rumble-kong-league/view/279,279,0x50c3374fd62dd09f18ccc01e1c20f5de66cd6dea,0, , , , ,Light Blue,Red,Green Kimono,Cigar,Beanie,Blue Shades,Angry,,47,32,35,45,159
285,https://rarity.tools/rumble-kong-league/view/278,278,0x50c3374fd62dd09f18ccc01e1c20f5de66cd6dea,0, , , , ,Brown,Black,Cheetah Dego Tee,Gold Smirk,Blue Pigtails,Red Shades,Regular,,48,52,29,18,147
286,https://rarity.tools/rumble-kong-league/view/277,277,0x50c3374fd62dd09f18ccc01e1c20f5de66cd6dea,0, , , , ,Purple,Grey,Hawaii Shirt,Saber Toothed,,Red Shades,Regular,,10,51,24,60,145
287,https://rarity.tools/rumble-kong-league/view/276,276,0x50c3374fd62dd09f18ccc01e1c20f5de66cd6dea,0, , , , ,Cyan,Green,,Shows Teeth,,Monocle,Angry,,36,53,57,25,171
288,https://rarity.tools/rumble-kong-league/view/275,275,0x50c3374fd62dd09f18ccc01e1c20f5de66cd6dea,0, , , , ,Brown,White Noise,White Tee,Ooh,,Red Shades,Wide Scar,,53,63,36,14,166
289,https://rarity.tools/rumble-kong-league/view/274,274,0x50c3374fd62dd09f18ccc01e1c20f5de66cd6dea,0, , , , ,Light Blue,Pink,Fusion Gi,Gold Smirk,Beanie,,Regular,,66,63,50,79,258
290,https://rarity.tools/rumble-kong-league/view/273,273,0x50c3374fd62dd09f18ccc01e1c20f5de66cd6dea,0, , , , ,Gold,Green,White Tee,Shows Teeth,Winter Hat,3D Glasses,Wide,,56,32,51,52,191
291,https://rarity.tools/rumble-kong-league/view/294,294,0xe7f0d71c93133c8f054e7b265d10e458060bda8e,2,2021-08-18,0.287 ETH, , ,Grey,Brown,Hawaii Shirt,Regular,Purple Bandana,,Closed,,61,56,37,54,208
292,https://rarity.tools/rumble-kong-league/view/272,272,0x50c3374fd62dd09f18ccc01e1c20f5de66cd6dea,0, , , , ,Red,Grey,Tracksuit,Ooh,Purple Bandana,,Closed,,50,51,26,79,206
293,https://rarity.tools/rumble-kong-league/view/293,293,0xe3d3a3f8f9f5635bb9127036c4e0e4614a1ac449,0, , , , ,Gold,Brown,Trippy Tee,Tongue Out,Ski Glasses,,Bloodshot,,60,50,19,49,178
294,https://rarity.tools/rumble-kong-league/view/296,296,0xfee1408b2974230bbdc88c09920d2418802c32f5,0, , , , ,Purple,Brown,Lab Coat,Scream,,,Angry Scar,,49,33,33,33,148
295,https://rarity.tools/rumble-kong-league/view/292,292,0xf49f8f364650e43d7fe58d18fac90faf3a586780,2,2021-08-25,0.747 ETH, , ,Red,Brown,,Saber Toothed,Horse Jockey Hat,,Regular,,55,48,31,61,195
296,https://rarity.tools/rumble-kong-league/view/271,271,0x50c3374fd62dd09f18ccc01e1c20f5de66cd6dea,0, , , , ,Purple,Grey,White Tee,Kiss,Green Beret,Vibe Glasses,Regular,,37,45,39,73,194
297,https://rarity.tools/rumble-kong-league/view/291,291,0xa9ceaad7911af35d9c527278e0fdf5dc008739ec,1,2021-08-01,0.11 ETH, , ,Red,Red,,Drool,RKL Cap Sideways,Monocle,Wide,,76,35,35,56,202
298,https://rarity.tools/rumble-kong-league/view/295,295,0xfee1408b2974230bbdc88c09920d2418802c32f5,0, , , , ,Light Grey,Grey,Striped Tee,Missing Teeth,Tophat,,Closed,,39,34,48,39,160
299,https://rarity.tools/rumble-kong-league/view/270,270,0x42608c122255129551cea518c2f2a3cee1f1456d,1,2021-08-19,0.16 ETH, , ,Cyan,Sky Blue,Trippy Tee,Gold Scream,Russian Cap,,Regular,,44,60,55,32,191
